timestamp,odometer_miles,speed_mph,latitude,longitude,status
2025-05-07T19:53:21.115977,7323.639669,,37.803426,-121.338779,awake
2025-05-07T19:54:21.653835,7323.639669,,37.803426,-121.338779,awake
2025-05-07T19:55:22.038620,7323.639669,,37.803426,-121.338779,awake
2025-05-07T19:56:22.633264,7323.639669,,37.803426,-121.338779,awake
2025-05-07T19:57:23.030276,7323.639669,,37.803426,-121.338779,awake
2025-05-07T19:58:23.327520,7323.639669,,37.803426,-121.338779,awake
2025-05-07T19:59:23.687088,7323.639669,,37.803426,-121.338779,awake
2025-05-07T20:00:24.728112,7323.639669,,37.803426,-121.338779,awake
2025-05-07T20:01:25.198890,7323.639669,,37.803426,-121.338779,awake
2025-05-07T20:02:25.569568,7323.639669,,37.803426,-121.338779,awake
2025-05-07T20:03:25.887004,7323.639669,,37.803426,-121.338779,awake
2025-05-07T20:04:26.230244,7323.639669,,37.803426,-121.338779,awake
2025-05-07T20:05:26.705913,7323.639669,,37.803426,-121.338779,awake
2025-05-07T20:06:27.152063,7323.639669,,37.803426,-121.338779,awake
2025-05-07T20:07:48.117802,7323.639669,,37.803426,-121.338779,awake
2025-05-07T20:08:48.476266,7323.639669,,37.803426,-121.338779,awake
2025-05-07T20:09:48.975678,7323.639669,,37.803426,-121.338779,awake
2025-05-07T20:10:49.373053,7323.639669,,37.803426,-121.338779,awake
2025-05-07T20:11:49.763446,7323.639669,,37.803426,-121.338779,awake
2025-05-07T20:12:50.087207,7323.639669,,37.803426,-121.338779,awake
2025-05-07T20:13:50.502379,7323.639669,,37.803426,-121.338779,awake
2025-05-07T20:14:51.677613,7323.639669,,37.803426,-121.338779,awake
2025-05-07T20:15:52.013062,7323.639669,,37.803426,-121.338779,awake
2025-05-07T20:16:52.671995,7323.639669,,37.803426,-121.338779,awake
2025-05-07T20:17:52.992335,7323.639669,,37.803426,-121.338779,awake
2025-05-07T20:18:53.451176,7323.639669,,37.803426,-121.338779,awake
2025-05-07T20:20:13.416688,7323.639669,,37.803426,-121.338779,awake
2025-05-07T20:21:13.832871,7323.639669,,37.803426,-121.338779,awake
2025-05-07T20:22:14.130822,7323.639669,,37.803426,-121.338779,awake
2025-05-07T20:23:14.492971,7323.639669,,37.803426,-121.338779,awake
2025-05-07T20:24:14.922993,7323.639669,,37.803426,-121.338779,awake
2025-05-07T20:25:15.260447,7323.639669,,37.803426,-121.338779,awake
2025-05-07T20:26:15.761756,7323.639669,,37.803426,-121.338779,awake
2025-05-07T20:27:17.050500,7323.639669,,37.803426,-121.338779,awake
2025-05-07T20:28:17.376160,7323.639669,,37.803426,-121.338779,awake
2025-05-07T20:29:18.107453,7323.639669,,37.803426,-121.338779,awake
2025-05-07T20:30:18.448034,7323.639669,,37.803426,-121.338779,awake
2025-05-07T20:31:19.555611,7323.639669,,37.803426,-121.338779,awake
2025-05-07T20:32:20.383666,7323.639669,,37.803426,-121.338779,awake
2025-05-07T20:33:20.776470,7323.639669,,37.803426,-121.338779,awake
2025-05-07T20:34:21.580064,7323.639669,,37.803426,-121.338779,awake
2025-05-07T20:35:21.904935,7323.639669,,37.803426,-121.338779,awake
2025-05-07T20:36:22.240778,7323.639669,,37.803426,-121.338779,awake
2025-05-07T20:37:22.622082,7323.639669,,37.803426,-121.338779,awake
2025-05-07T20:38:22.961347,7323.639669,,37.803426,-121.338779,awake
2025-05-07T20:39:23.549149,7323.639669,,37.803426,-121.338779,awake
2025-05-07T20:40:24.023231,7323.639669,,37.803426,-121.338779,awake
2025-05-07T20:41:24.486463,7323.639669,,37.803426,-121.338779,awake
2025-05-07T20:42:25.108541,7323.639669,,37.803426,-121.338779,awake
2025-05-07T20:43:25.599324,7323.639669,,37.803426,-121.338779,awake
2025-05-07T20:44:26.106042,7323.639669,,37.803426,-121.338779,awake
2025-05-07T20:45:26.509087,7323.639669,,37.803426,-121.338779,awake
2025-05-07T20:46:26.872099,7323.639669,,37.803426,-121.338779,awake
2025-05-07T20:47:28.609730,7323.639669,,37.803426,-121.338779,awake
2025-05-07T20:48:28.988259,7323.639669,,37.803426,-121.338779,awake
2025-05-07T20:49:29.407645,7323.639669,,37.803426,-121.338779,awake
2025-05-07T20:50:29.872488,7323.639669,,37.803426,-121.338779,awake
2025-05-07T20:51:30.660538,7323.639669,,37.803426,-121.338779,awake
2025-05-07T20:52:31.262225,7323.639669,,37.803426,-121.338779,awake
2025-05-07T20:53:31.912445,7323.639669,,37.803426,-121.338779,awake
2025-05-07T20:55:42.347544,7323.639669,,37.803426,-121.338779,awake
2025-05-07T20:56:43.228650,7323.639669,,37.803426,-121.338779,awake
2025-05-07T20:57:43.620069,7323.639669,,37.803426,-121.338779,awake
2025-05-07T20:58:44.097312,7323.639669,,37.803426,-121.338779,awake
2025-05-07T20:59:44.441634,7323.639669,,37.803426,-121.338779,awake
2025-05-07T21:00:44.955376,7323.639669,,37.803426,-121.338779,awake
2025-05-07T21:01:45.351746,7323.639669,,37.803426,-121.338779,awake
2025-05-07T21:02:45.893476,7323.639669,,37.803426,-121.338779,awake
2025-05-07T21:03:46.278747,7323.639669,,37.803426,-121.338779,awake
2025-05-07T21:04:46.610063,7323.639669,,37.803426,-121.338779,awake
2025-05-07T21:05:47.094934,7323.639669,,37.803426,-121.338779,awake
2025-05-07T21:06:47.536045,7323.639669,,37.803426,-121.338779,awake
2025-05-07T21:07:48.041729,7323.639669,,37.803426,-121.338779,awake
2025-05-07T21:08:48.333506,7323.639669,,37.803426,-121.338779,awake
2025-05-07T21:09:49.151880,7323.639669,,37.803426,-121.338779,awake
2025-05-07T21:10:49.543281,7323.639669,,37.803426,-121.338779,awake
2025-05-07T21:11:49.877775,7323.639669,,37.803426,-121.338779,awake
2025-05-07T21:12:50.349154,7323.639669,,37.803426,-121.338779,awake
2025-05-07T21:13:51.186754,7323.639669,,37.803426,-121.338779,awake
2025-05-07T21:14:52.156690,7323.639669,,37.803426,-121.338779,awake
2025-05-07T21:15:52.507130,7323.639669,,37.803426,-121.338779,awake
2025-05-07T21:16:52.849908,7323.639669,,37.803426,-121.338779,awake
2025-05-07T21:17:54.048867,7323.639669,,37.803426,-121.338779,awake
2025-05-07T21:18:54.804048,7323.639669,,37.803426,-121.338779,awake
2025-05-07T21:19:55.432195,7323.639669,,37.803426,-121.338779,awake
2025-05-07T21:20:56.130934,7323.639669,,37.803426,-121.338779,awake
2025-05-07T21:21:56.469627,7323.639669,,37.803426,-121.338779,awake
2025-05-07T21:22:56.935077,7323.639669,,37.803426,-121.338779,awake
2025-05-07T21:23:59.645847,7323.639669,,37.803426,-121.338779,awake
2025-05-07T21:24:59.967227,7323.639669,,37.803426,-121.338779,awake
2025-05-07T21:26:00.261876,7323.639669,,37.803426,-121.338779,awake
2025-05-07T21:27:00.695969,7323.639669,,37.803426,-121.338779,awake
2025-05-07T21:28:01.566221,7323.639669,,37.803426,-121.338779,awake
2025-05-07T21:29:01.882660,7323.639669,,37.803426,-121.338779,awake
2025-05-07T21:30:02.338182,7323.639669,,37.803426,-121.338779,awake
2025-05-07T21:31:02.973386,7323.639669,,37.803426,-121.338779,awake
2025-05-07T21:32:03.348781,7323.639669,,37.803426,-121.338779,awake
2025-05-07T21:33:04.019236,7323.639669,,37.803426,-121.338779,awake
2025-05-07T21:34:04.356935,7323.639669,,37.803426,-121.338779,awake
2025-05-07T21:35:04.662819,7323.639669,,37.803426,-121.338779,awake
2025-05-07T21:36:05.044208,7323.639669,,37.803426,-121.338779,awake
2025-05-07T21:37:05.397577,7323.639669,,37.803426,-121.338779,awake
2025-05-07T21:38:06.010289,7323.639669,,37.803426,-121.338779,awake
2025-05-07T21:39:07.144597,7323.639669,,37.803426,-121.338779,awake
2025-05-07T21:40:07.957859,7323.639669,,37.803426,-121.338779,awake
2025-05-07T21:41:08.311521,7323.639669,,37.803426,-121.338779,awake
2025-05-07T21:42:08.766633,7323.639669,,37.803426,-121.338779,awake
2025-05-07T21:43:09.478295,7323.639669,,37.803426,-121.338779,awake
2025-05-07T21:44:10.158676,7323.639669,,37.803426,-121.338779,awake
2025-05-07T21:45:10.468367,7323.639669,,37.803426,-121.338779,awake
2025-05-07T21:46:10.849086,7323.639669,,37.803426,-121.338779,awake
2025-05-07T21:47:11.366690,7323.639669,,37.803426,-121.338779,awake
2025-05-07T21:48:11.733289,7323.639669,,37.803426,-121.338779,awake
2025-05-07T21:49:12.388103,7323.639669,,37.803426,-121.338779,awake
2025-05-07T21:50:12.691065,7323.639669,,37.803426,-121.338779,awake
2025-05-07T21:51:13.332124,7323.639669,,37.803426,-121.338779,awake
2025-05-07T21:52:13.692612,7323.639669,,37.803426,-121.338779,awake
2025-05-07T21:53:14.162788,7323.639669,,37.803426,-121.338779,awake
2025-05-07T21:54:14.662754,7323.639669,,37.803426,-121.338779,awake
2025-05-07T21:55:15.598656,7323.639669,,37.803426,-121.338779,awake
2025-05-07T21:56:16.191749,7323.639669,,37.803426,-121.338779,awake
2025-05-07T21:57:16.525891,7323.639669,,37.803426,-121.338779,awake
2025-05-07T21:58:16.930156,7323.639669,,37.803426,-121.338779,awake
2025-05-07T21:59:17.377813,7323.639669,,37.803426,-121.338779,awake
2025-05-07T22:00:17.801443,7323.639669,,37.803426,-121.338779,awake
2025-05-07T22:01:18.254814,7323.639669,,37.803426,-121.338779,awake
2025-05-07T22:02:18.537732,7323.639669,,37.803426,-121.338779,awake
2025-05-07T22:03:18.844318,7323.639669,,37.803426,-121.338779,awake
2025-05-07T22:04:19.202281,7323.639669,,37.803426,-121.338779,awake
2025-05-07T22:05:19.521321,7323.639669,,37.803426,-121.338779,awake
2025-05-07T22:06:19.886579,7323.639669,,37.803426,-121.338779,awake
2025-05-07T22:07:20.179670,7323.639669,,37.803426,-121.338779,awake
2025-05-07T22:08:20.512717,7323.639669,,37.803426,-121.338779,awake
2025-05-07T22:09:20.890708,7323.639669,,37.803426,-121.338779,awake
2025-05-07T22:10:21.332748,7323.639669,,37.803426,-121.338779,awake
2025-05-07T22:11:21.713168,7323.639669,,37.803426,-121.338779,awake
2025-05-07T22:12:22.065254,7323.639669,,37.803426,-121.338779,awake
2025-05-07T22:13:22.404093,7323.639669,,37.803426,-121.338779,awake
2025-05-07T22:14:22.769146,7323.639669,,37.803426,-121.338779,awake
2025-05-07T22:15:23.110635,7323.639669,,37.803426,-121.338779,awake
2025-05-07T22:16:23.416663,7323.639669,,37.803426,-121.338779,awake
2025-05-07T22:17:23.724948,7323.639669,,37.803426,-121.338779,awake
2025-05-07T22:18:24.023532,7323.639669,,37.803426,-121.338779,awake
2025-05-07T22:19:24.333551,7323.639669,,37.803426,-121.338779,awake
2025-05-07T22:20:25.071632,7323.639669,,37.803426,-121.338779,awake
2025-05-07T22:21:25.441779,7323.639669,,37.803426,-121.338779,awake
2025-05-07T22:22:26.122093,7323.639669,,37.803426,-121.338779,awake
2025-05-07T22:23:26.612562,7323.639669,,37.803426,-121.338779,awake
2025-05-07T22:24:27.094514,7323.639669,,37.803426,-121.338779,awake
2025-05-07T22:25:27.890648,7323.639669,,37.803426,-121.338779,awake
2025-05-07T22:26:28.448495,7323.639669,,37.803426,-121.338779,awake
2025-05-07T22:27:28.898263,7323.639669,,37.803426,-121.338779,awake
2025-05-07T22:28:29.362314,7323.639669,,37.803426,-121.338779,awake
2025-05-07T22:29:29.751144,7323.639669,,37.803426,-121.338779,awake
2025-05-07T22:30:30.261248,7323.639669,,37.803426,-121.338779,awake
2025-05-07T22:31:30.894488,7323.639669,,37.803426,-121.338779,awake
2025-05-07T22:32:31.349748,7323.639669,,37.803426,-121.338779,awake
2025-05-07T22:33:31.995304,7323.639669,,37.803426,-121.338779,awake
2025-05-07T22:34:32.473009,7323.639669,,37.803426,-121.338779,awake
2025-05-07T22:35:32.864713,7323.639669,,37.803426,-121.338779,awake
2025-05-07T22:36:33.242497,7323.639669,,37.803426,-121.338779,awake
2025-05-07T22:37:34.095708,7323.639669,,37.803426,-121.338779,awake
2025-05-07T22:38:34.572632,7323.639669,,37.803426,-121.338779,awake
2025-05-07T22:39:35.024856,7323.639669,,37.803426,-121.338779,awake
2025-05-07T22:40:35.582993,7323.639669,,37.803426,-121.338779,awake
2025-05-07T22:41:36.310913,7323.639669,,37.803426,-121.338779,awake
2025-05-07T22:42:36.766966,7323.639669,,37.803426,-121.338779,awake
2025-05-07T22:43:37.228651,7323.639669,,37.803426,-121.338779,awake
2025-05-07T22:44:37.709655,7323.639669,,37.803426,-121.338779,awake
2025-05-07T22:45:38.097635,7323.639669,,37.803426,-121.338779,awake
2025-05-07T22:46:38.564585,7323.639669,,37.803426,-121.338779,awake
2025-05-07T22:47:38.972293,7323.639669,,37.803426,-121.338779,awake
2025-05-07T22:48:39.401931,7323.639669,,37.803426,-121.338779,awake
2025-05-07T22:49:39.980065,7323.639669,,37.803426,-121.338779,awake
2025-05-07T22:50:40.769303,7323.639669,,37.803426,-121.338779,awake
2025-05-07T22:51:41.385988,7323.639669,,37.803426,-121.338779,awake
2025-05-07T22:52:42.290233,7323.639669,,37.803426,-121.338779,awake
2025-05-07T22:53:42.619004,7323.639669,,37.803426,-121.338779,awake
2025-05-07T22:54:43.243673,7323.639669,,37.803426,-121.338779,awake
2025-05-07T22:55:43.611686,7323.639669,,37.803426,-121.338779,awake
2025-05-07T22:56:43.935067,7323.639669,,37.803426,-121.338779,awake
2025-05-07T22:57:44.413586,7323.639669,,37.803426,-121.338779,awake
2025-05-07T22:58:45.342880,7323.639669,,37.803426,-121.338779,awake
2025-05-07T22:59:45.731127,7323.639669,,37.803426,-121.338779,awake
2025-05-07T23:00:46.318923,7323.639669,,37.803426,-121.338779,awake
2025-05-07T23:01:47.311086,7323.639669,,37.803426,-121.338779,awake
2025-05-07T23:03:58.060188,7323.639669,,37.803426,-121.338779,awake
2025-05-07T23:04:58.595656,7323.639669,,37.803426,-121.338779,awake
2025-05-07T23:05:59.269237,7323.639669,,37.803426,-121.338779,awake
2025-05-07T23:06:59.625337,7323.639669,,37.803426,-121.338779,awake
2025-05-07T23:08:00.117756,7323.639669,,37.803426,-121.338779,awake
2025-05-07T23:09:00.570469,7323.639669,,37.803426,-121.338779,awake
2025-05-07T23:10:00.942218,7323.639669,,37.803426,-121.338779,awake
2025-05-07T23:11:01.305507,7323.639669,,37.803426,-121.338779,awake
2025-05-07T23:12:01.728614,7323.639669,,37.803426,-121.338779,awake
2025-05-07T23:13:02.063055,7323.639669,,37.803426,-121.338779,awake
2025-05-07T23:14:02.907239,7323.639669,,37.803426,-121.338779,awake
2025-05-07T23:15:03.298258,7323.639669,,37.803426,-121.338779,awake
2025-05-07T23:16:03.753111,7323.639669,,37.803426,-121.338779,awake
2025-05-07T23:17:04.238110,7323.639669,,37.803426,-121.338779,awake
2025-05-07T23:18:04.645314,7323.639669,,37.803426,-121.338779,awake
2025-05-07T23:19:05.089212,7323.639669,,37.803426,-121.338779,awake
2025-05-07T23:20:05.979908,7323.639669,,37.803426,-121.338779,awake
2025-05-07T23:21:06.362672,7323.639669,,37.803426,-121.338779,awake
2025-05-07T23:22:06.841788,7323.639669,,37.803426,-121.338779,awake
2025-05-07T23:23:07.404854,7323.639669,,37.803426,-121.338779,awake
2025-05-07T23:24:07.866355,7323.639669,,37.803426,-121.338779,awake
2025-05-07T23:25:08.371767,7323.639669,,37.803426,-121.338779,awake
2025-05-07T23:26:08.695373,7323.639669,,37.803426,-121.338779,awake
2025-05-07T23:27:09.618920,7323.639669,,37.803426,-121.338779,awake
2025-05-07T23:28:10.280869,7323.639669,,37.803426,-121.338779,awake
2025-05-07T23:29:11.088669,7323.639669,,37.803426,-121.338779,awake
2025-05-07T23:30:11.429209,7323.639669,,37.803426,-121.338779,awake
2025-05-07T23:31:12.024893,7323.639669,,37.803426,-121.338779,awake
2025-05-07T23:32:12.753690,7323.639669,,37.803426,-121.338779,awake
2025-05-07T23:33:13.126947,7323.639669,,37.803426,-121.338779,awake
2025-05-07T23:34:14.015541,7323.639669,,37.803426,-121.338779,awake
2025-05-07T23:35:14.588255,7323.639669,,37.803426,-121.338779,awake
2025-05-07T23:36:15.399973,7323.639669,,37.803426,-121.338779,awake
2025-05-07T23:37:15.933995,7323.639669,,37.803426,-121.338779,awake
2025-05-07T23:38:17.116981,7323.639669,,37.803426,-121.338779,awake
2025-05-07T23:39:18.328943,7323.639669,,37.803426,-121.338779,awake
2025-05-07T23:40:19.256631,7323.639669,,37.803426,-121.338779,awake
2025-05-07T23:41:19.931163,7323.639669,,37.803426,-121.338779,awake
2025-05-07T23:42:20.807345,7323.639669,,37.803426,-121.338779,awake
2025-05-07T23:43:21.439289,7323.639669,,37.803426,-121.338779,awake
2025-05-07T23:44:21.917258,7323.639669,,37.803426,-121.338779,awake
2025-05-07T23:45:22.638521,7323.639669,,37.803426,-121.338779,awake
2025-05-07T23:46:23.098741,7323.639669,,37.803426,-121.338779,awake
2025-05-07T23:47:23.609808,7323.639669,,37.803426,-121.338779,awake
2025-05-07T23:48:23.992888,7323.639669,,37.803426,-121.338779,awake
2025-05-07T23:49:24.869520,7323.639669,,37.803426,-121.338779,awake
2025-05-07T23:50:25.224058,7323.639669,,37.803426,-121.338779,awake
2025-05-07T23:51:25.726428,7323.639669,,37.803426,-121.338779,awake
2025-05-07T23:52:26.602397,7323.639669,,37.803426,-121.338779,awake
2025-05-07T23:53:27.345866,7323.639669,,37.803426,-121.338779,awake
2025-05-07T23:54:28.685622,7323.639669,,37.803426,-121.338779,awake
2025-05-07T23:55:29.017342,7323.639669,,37.803426,-121.338779,awake
2025-05-07T23:56:29.325956,7323.639669,,37.803426,-121.338779,awake
2025-05-07T23:57:29.638650,7323.639669,,37.803426,-121.338779,awake
2025-05-07T23:58:30.028518,7323.639669,,37.803426,-121.338779,awake
2025-05-07T23:59:30.307000,7323.639669,,37.803426,-121.338779,awake
2025-05-08T00:00:50.193605,7323.639669,,37.803426,-121.338779,awake
2025-05-08T00:01:50.497823,7323.639669,,37.803426,-121.338779,awake
2025-05-08T00:02:50.930492,7323.639669,,37.803426,-121.338779,awake
2025-05-08T00:03:51.244542,7323.639669,,37.803426,-121.338779,awake
2025-05-08T00:04:51.570341,7323.639669,,37.803426,-121.338779,awake
2025-05-08T00:05:51.909906,7323.639669,,37.803426,-121.338779,awake
2025-05-08T00:06:52.356255,7323.639669,,37.803426,-121.338779,awake
2025-05-08T00:07:52.791346,7323.746545,18,37.803112,-121.337078,awake
2025-05-08T00:08:53.321165,7324.071522,18,37.80401,-121.340259,awake
2025-05-08T00:09:53.863649,7324.650019,52,37.8096,-121.34785,awake
2025-05-08T00:10:54.186658,7325.511239,44,37.812063,-121.359143,awake
2025-05-08T00:11:54.616651,7325.975404,54,37.807381,-121.360033,awake
2025-05-08T00:12:54.918166,7326.728506,42,37.799707,-121.36933,awake
2025-05-08T00:13:55.345171,7327.444947,46,37.790693,-121.375519,awake
2025-05-08T00:14:55.796166,7328.270128,61,37.779392,-121.379752,awake
2025-05-08T00:15:56.393163,7328.924431,45,37.771591,-121.385868,awake
2025-05-08T00:16:56.798589,7329.742777,60,37.768871,-121.397728,awake
2025-05-08T00:17:57.342105,7330.651843,24,37.768841,-121.414315,awake
2025-05-08T00:18:57.633612,7331.0489,50,37.764295,-121.416675,awake
2025-05-08T00:19:58.011260,7332.079755,78,37.763039,-121.435125,awake
2025-05-08T00:20:58.368436,7333.264709,66,37.757376,-121.455451,awake
2025-05-08T00:21:58.797219,7334.471412,84,37.749476,-121.474748,awake
2025-05-08T00:22:59.270777,7335.800525,84,37.740955,-121.496869,awake
2025-05-08T00:23:59.872586,7337.004743,71,37.741683,-121.518271,awake
2025-05-08T00:25:00.294797,7338.197776,71,37.743069,-121.540274,awake
2025-05-08T00:26:00.661419,7339.357876,63,37.742859,-121.561272,awake
2025-05-08T00:27:01.237266,7340.532889,66,37.740999,-121.582551,awake
2025-05-08T00:28:01.856404,7341.797379,69,37.738107,-121.604958,awake
2025-05-08T00:29:02.343062,7342.785359,67,37.73547,-121.622923,awake
2025-05-08T00:30:02.673747,7343.878973,61,37.726913,-121.638507,awake
2025-05-08T00:31:03.104324,7344.911692,63,37.721396,-121.655717,awake
2025-05-08T00:32:03.550090,7346.070549,76,37.721181,-121.674928,awake
2025-05-08T00:33:03.895506,7347.425138,85,37.718517,-121.698598,awake
2025-05-08T00:34:04.403720,7348.784698,76,37.710206,-121.721307,awake
2025-05-08T00:35:04.790218,7350.07218,74,37.702452,-121.742449,awake
2025-05-08T00:36:05.090631,7351.369603,83,37.702248,-121.766063,awake
2025-05-08T00:37:05.670218,7352.698716,79,37.699906,-121.789946,awake
2025-05-08T00:38:06.040044,7353.970041,78,37.701034,-121.81293,awake
2025-05-08T00:39:06.720956,7355.286106,73,37.701231,-121.836499,awake
2025-05-08T00:40:07.311831,7356.500265,76,37.701431,-121.858999,awake
2025-05-08T00:41:08.110098,7357.728716,69,37.701641,-121.881305,awake
2025-05-08T00:42:08.664245,7358.845941,65,37.701845,-121.901607,awake
2025-05-08T00:43:09.200741,7360.038974,76,37.700932,-121.923253,awake
2025-05-08T00:44:09.659202,7360.785862,33,37.698421,-121.93605,awake
2025-05-08T00:45:10.071316,7361.302843,34,37.698481,-121.945422,awake
2025-05-08T00:46:10.778569,7362.018041,59,37.698472,-121.958661,awake
2025-05-08T00:47:11.073797,7362.956933,58,37.698103,-121.975505,awake
2025-05-08T00:48:11.660845,7364.099014,74,37.70282,-121.995365,awake
2025-05-08T00:49:12.068430,7365.3256,71,37.702711,-122.017465,awake
2025-05-08T00:50:12.797087,7366.557158,73,37.701029,-122.03861,awake
2025-05-08T00:51:13.301964,7367.75454,74,37.69389,-122.057182,awake
2025-05-08T00:52:14.034924,7369.003497,77,37.690846,-122.079006,awake
2025-05-08T00:53:14.430505,7370.118858,48,37.690041,-122.09933,awake
2025-05-08T00:54:14.901277,7371.064585,40,37.689216,-122.116111,awake
2025-05-08T00:55:15.209503,7371.825143,19,37.691128,-122.129718,awake
2025-05-08T00:56:15.636321,7372.109731,22,37.689105,-122.133692,awake
2025-05-08T00:57:16.122970,7372.499331,27,37.684837,-122.12983,awake
2025-05-08T00:58:16.605486,7372.833007,19,37.681752,-122.125246,awake
2025-05-08T00:59:17.057616,7373.17849,29,37.678502,-122.12055,awake
2025-05-08T01:00:17.405973,7373.539507,20,37.675049,-122.115574,awake
2025-05-08T01:01:18.015338,7373.801725,20,37.672479,-122.112056,awake
2025-05-08T01:02:18.958206,7374.066429,11,37.669311,-122.109615,awake
2025-05-08T01:03:19.291940,7374.495175,43,37.663498,-122.106041,awake
2025-05-08T01:04:19.604128,7375.141402,41,37.655146,-122.100838,awake
2025-05-08T01:05:20.153914,7375.708713,33,37.647906,-122.09616,awake
2025-05-08T01:06:20.774415,7376.13311,1,37.64277,-122.092512,awake
2025-05-08T01:07:21.112855,7376.381659,18,37.639561,-122.090196,awake
2025-05-08T01:08:22.081060,7376.830289,31,37.63383,-122.086121,awake
2025-05-08T01:09:22.452094,7377.231073,19,37.628846,-122.082564,awake
2025-05-08T01:10:22.856857,7377.525603,14,37.625276,-122.080016,awake
2025-05-08T01:11:24.010045,7377.88662,38,37.620514,-122.076618,awake
2025-05-08T01:12:25.460151,7378.470087,36,37.613199,-122.071398,awake
2025-05-08T01:13:25.855562,7379.131226,2,37.605715,-122.06797,awake
2025-05-08T01:14:26.843440,7379.44129,33,37.601949,-122.069914,awake
2025-05-08T01:15:28.415458,7379.630809,0,37.599391,-122.070606,awake
2025-05-08T01:16:28.806707,7379.652557,13,37.599139,-122.070304,awake
2025-05-08T01:17:29.170342,7379.723393,8,37.598913,-122.07012,awake
2025-05-08T01:18:29.580267,7379.926581,15,37.600479,-122.067967,awake
2025-05-08T01:19:30.136334,7380.003631,,37.601031,-122.068716,awake
2025-05-08T01:20:30.478165,7380.003631,,37.601031,-122.068716,awake
2025-05-08T01:21:31.087110,7380.003631,,37.601031,-122.068716,awake
2025-05-08T01:22:32.202996,7380.003631,,37.601031,-122.068716,awake
2025-05-08T01:23:32.651296,7380.003631,,37.601031,-122.068716,awake
2025-05-08T01:24:33.223473,7380.006738,2,37.601002,-122.068728,awake
2025-05-08T01:25:33.535785,7380.095594,0,37.601333,-122.06983,awake
2025-05-08T01:26:34.036172,7380.608226,41,37.596548,-122.074663,awake
2025-05-08T01:27:34.373070,7381.047535,18,37.592056,-122.077794,awake
2025-05-08T01:28:35.036714,7381.237053,1,37.591713,-122.080751,awake
2025-05-08T01:29:35.822911,7381.237675,0,37.591713,-122.080755,awake
2025-05-08T01:30:36.235370,7381.555195,14,37.589405,-122.082981,awake
2025-05-08T01:31:36.700057,7381.647158,1,37.589232,-122.084114,awake
2025-05-08T01:32:37.894448,7381.654615,,37.58914,-122.084052,awake
2025-05-08T01:33:38.350795,7381.684441,0,37.588931,-122.083884,awake
2025-05-08T01:34:39.269923,7381.705567,0,37.589092,-122.083787,awake
2025-05-08T01:35:39.625008,7381.705567,,37.589092,-122.083787,awake
2025-05-08T01:36:40.060968,7381.705567,,37.589092,-122.083787,awake
2025-05-08T01:37:40.695831,7381.705567,,37.589092,-122.083787,awake
2025-05-08T01:38:41.377659,7381.705567,,37.589092,-122.083787,awake
2025-05-08T01:39:42.175054,7381.705567,,37.589092,-122.083787,awake
2025-05-08T01:40:42.675376,7381.705567,,37.589092,-122.083787,awake
2025-05-08T01:41:43.384460,7381.705567,,37.589092,-122.083787,awake
2025-05-08T01:42:43.934527,7381.705567,,37.589092,-122.083787,awake
2025-05-08T01:43:44.636103,7381.705567,,37.589092,-122.083787,awake
2025-05-08T01:44:45.130942,7381.705567,,37.589092,-122.083787,awake
2025-05-08T01:45:45.567230,7381.705567,,37.589092,-122.083787,awake
2025-05-08T01:46:45.969327,7381.705567,,37.589092,-122.083787,awake
2025-05-08T01:47:46.571877,7381.705567,,37.589092,-122.083787,awake
2025-05-08T01:48:47.164702,7381.705567,,37.589092,-122.083787,awake
2025-05-08T01:49:47.653730,7381.705567,,37.589092,-122.083787,awake
2025-05-08T01:50:48.049208,7381.705567,,37.589092,-122.083787,awake
2025-05-08T01:51:48.857078,7381.705567,,37.589092,-122.083787,awake
2025-05-08T01:52:49.610056,7381.705567,,37.589092,-122.083787,awake
2025-05-08T01:53:49.912308,7381.705567,,37.589092,-122.083787,awake
2025-05-08T01:54:50.546062,7381.705567,,37.589092,-122.083787,awake
2025-05-08T01:55:51.057930,7381.705567,,37.589092,-122.083787,awake
2025-05-08T01:56:51.541362,7381.705567,,37.589092,-122.083787,awake
2025-05-08T01:57:51.943452,7381.705567,,37.589092,-122.083787,awake
2025-05-08T01:58:52.862490,7381.705567,,37.589092,-122.083787,awake
2025-05-08T01:59:53.245938,7381.705567,,37.589092,-122.083787,awake
2025-05-08T02:00:53.688890,7381.705567,,37.589092,-122.083787,awake
2025-05-08T02:01:54.737457,7381.705567,,37.589092,-122.083787,awake
2025-05-08T02:02:55.374069,7381.705567,,37.589092,-122.083787,awake
2025-05-08T02:03:55.936753,7381.705567,,37.589092,-122.083787,awake
2025-05-08T02:04:56.673829,7381.705567,,37.589092,-122.083787,awake
2025-05-08T02:05:57.136683,7381.705567,,37.589092,-122.083787,awake
2025-05-08T02:06:57.625380,7381.705567,,37.589092,-122.083787,awake
2025-05-08T02:07:58.422054,7381.705567,,37.589092,-122.083787,awake
2025-05-08T02:08:58.977913,7381.705567,,37.589092,-122.083787,awake
2025-05-08T02:09:59.410538,7381.705567,,37.589092,-122.083787,awake
2025-05-08T02:10:59.866454,7381.705567,,37.589092,-122.083787,awake
2025-05-08T02:12:00.432475,7381.705567,,37.589092,-122.083787,awake
2025-05-08T02:13:00.836919,7381.705567,,37.589092,-122.083787,awake
2025-05-08T02:14:01.134468,7381.705567,,37.589092,-122.083787,awake
2025-05-08T02:15:01.501778,7381.705567,,37.589092,-122.083787,awake
2025-05-08T02:16:01.821061,7381.705567,,37.589092,-122.083787,awake
2025-05-08T02:17:02.282066,7381.705567,,37.589092,-122.083787,awake
2025-05-08T02:18:02.900195,7381.705567,,37.589092,-122.083787,awake
2025-05-08T02:19:03.517072,7381.705567,,37.589092,-122.083787,awake
2025-05-08T02:20:04.192695,7381.705567,,37.589092,-122.083787,awake
2025-05-08T02:21:05.198666,7381.705567,,37.589092,-122.083787,awake
2025-05-08T02:22:05.890343,7381.705567,,37.589092,-122.083787,awake
2025-05-08T02:23:06.589988,7381.705567,,37.589092,-122.083787,awake
2025-05-08T02:24:07.401075,7381.705567,,37.589092,-122.083787,awake
2025-05-08T02:25:07.889320,7381.705567,,37.589092,-122.083787,awake
2025-05-08T02:26:08.344810,7381.705567,,37.589092,-122.083787,awake
2025-05-08T02:27:09.127433,7381.705567,,37.589092,-122.083787,awake
2025-05-08T02:28:09.406889,7381.705567,,37.589092,-122.083787,awake
2025-05-08T02:29:09.807423,7381.705567,,37.589092,-122.083787,awake
2025-05-08T02:30:10.340182,7381.705567,,37.589092,-122.083787,awake
2025-05-08T02:31:11.116551,7381.705567,,37.589092,-122.083787,awake
2025-05-08T02:32:11.613593,7381.705567,,37.589092,-122.083787,awake
2025-05-08T02:33:12.011352,7381.705567,,37.589092,-122.083787,awake
2025-05-08T02:34:12.511085,7381.705567,,37.589092,-122.083787,awake
2025-05-08T02:35:12.982533,7381.705567,,37.589092,-122.083787,awake
2025-05-08T02:36:13.500200,7381.705567,,37.589092,-122.083787,awake
2025-05-08T02:37:14.310241,7381.705567,,37.589092,-122.083787,awake
2025-05-08T02:38:14.747557,7381.705567,,37.589092,-122.083787,awake
2025-05-08T02:39:15.229223,7381.705567,,37.589092,-122.083787,awake
2025-05-08T02:40:15.883051,7381.705567,,37.589092,-122.083787,awake
2025-05-08T02:41:16.489131,7381.705567,,37.589092,-122.083787,awake
2025-05-08T02:42:16.979358,7381.705567,,37.589092,-122.083787,awake
2025-05-08T02:43:17.500525,7381.705567,,37.589092,-122.083787,awake
2025-05-08T02:44:17.873993,7381.705567,,37.589092,-122.083787,awake
2025-05-08T02:45:18.378215,7381.705567,,37.589092,-122.083787,awake
2025-05-08T02:46:18.911082,7381.705567,,37.589092,-122.083787,awake
2025-05-08T02:47:19.381792,7381.705567,,37.589092,-122.083787,awake
2025-05-08T02:48:20.060181,7381.705567,,37.589092,-122.083787,awake
2025-05-08T02:49:20.385794,7381.705567,,37.589092,-122.083787,awake
2025-05-08T02:50:20.846909,7381.705567,,37.589092,-122.083787,awake
2025-05-08T02:51:21.340777,7381.705567,,37.589092,-122.083787,awake
2025-05-08T02:52:21.953100,7381.705567,,37.589092,-122.083787,awake
2025-05-08T02:53:22.388064,7381.705567,,37.589092,-122.083787,awake
2025-05-08T02:54:22.725832,7381.705567,,37.589092,-122.083787,awake
2025-05-08T02:55:23.247496,7381.705567,,37.589092,-122.083787,awake
2025-05-08T02:56:23.789601,7381.705567,,37.589092,-122.083787,awake
2025-05-08T02:57:24.253839,7381.705567,,37.589092,-122.083787,awake
2025-05-08T02:58:24.680497,7381.705567,,37.589092,-122.083787,awake
2025-05-08T02:59:25.133988,7381.705567,,37.589092,-122.083787,awake
2025-05-08T03:00:25.428061,7381.705567,,37.589092,-122.083787,awake
2025-05-08T03:01:26.128202,7381.705567,,37.589092,-122.083787,awake
2025-05-08T03:02:26.494749,7381.705567,,37.589092,-122.083787,awake
2025-05-08T03:03:27.052947,7381.705567,,37.589092,-122.083787,awake
2025-05-08T03:04:27.682912,7381.705567,,37.589092,-122.083787,awake
2025-05-08T03:05:28.564355,7381.705567,,37.589092,-122.083787,awake
2025-05-08T03:06:29.639201,7381.705567,,37.589092,-122.083787,awake
2025-05-08T03:07:30.107486,7381.705567,,37.589092,-122.083787,awake
2025-05-08T03:08:30.444278,7381.705567,,37.589092,-122.083787,awake
2025-05-08T03:09:30.823926,7381.705567,,37.589092,-122.083787,awake
2025-05-08T03:10:31.298250,7381.705567,,37.589092,-122.083787,awake
2025-05-08T03:11:31.878957,7381.705567,,37.589092,-122.083787,awake
2025-05-08T03:12:32.345635,7381.705567,,37.589092,-122.083787,awake
2025-05-08T03:13:33.186312,7381.705567,,37.589092,-122.083787,awake
2025-05-08T03:14:33.620115,7381.705567,,37.589092,-122.083787,awake
2025-05-08T03:15:34.414487,7381.705567,,37.589092,-122.083787,awake
2025-05-08T03:16:35.334653,7381.705567,,37.589092,-122.083787,awake
2025-05-08T03:17:35.692213,7381.705567,,37.589092,-122.083787,awake
2025-05-08T03:18:36.827606,7381.705567,,37.589092,-122.083787,awake
2025-05-08T03:19:37.265607,7381.705567,,37.589092,-122.083787,awake
2025-05-08T03:20:38.103592,7381.705567,,37.589092,-122.083787,awake
2025-05-08T03:21:38.418619,7381.705567,,37.589092,-122.083787,awake
2025-05-08T03:22:38.709098,7381.705567,,37.589092,-122.083787,awake
2025-05-08T03:23:39.091305,7381.705567,,37.589092,-122.083787,awake
2025-05-08T03:24:39.688659,7381.705567,,37.589092,-122.083787,awake
2025-05-08T03:25:40.168451,7381.705567,,37.589092,-122.083787,awake
2025-05-08T03:26:40.613714,7381.705567,,37.589092,-122.083787,awake
2025-05-08T03:27:41.042173,7381.705567,,37.589092,-122.083787,awake
2025-05-08T03:28:41.613600,7381.705567,,37.589092,-122.083787,awake
2025-05-08T03:29:42.112499,7381.705567,,37.589092,-122.083787,awake
2025-05-08T03:30:42.390070,7381.705567,,37.589092,-122.083787,awake
2025-05-08T03:31:42.755961,7381.705567,,37.589092,-122.083787,awake
2025-05-08T03:32:43.077879,7381.705567,,37.589092,-122.083787,awake
2025-05-08T03:33:43.679370,7381.705567,,37.589092,-122.083787,awake
2025-05-08T03:34:44.048070,7381.705567,,37.589092,-122.083787,awake
2025-05-08T03:35:44.719200,7381.705567,,37.589092,-122.083787,awake
2025-05-08T03:36:45.030814,7381.705567,,37.589092,-122.083787,awake
2025-05-08T03:37:46.313154,7381.705567,,37.589092,-122.083787,awake
2025-05-08T03:38:46.718682,7381.705567,,37.589092,-122.083787,awake
2025-05-08T03:39:47.200149,7381.705567,,37.589092,-122.083787,awake
2025-05-08T03:40:47.866058,7381.705567,,37.589092,-122.083787,awake
2025-05-08T03:41:48.294452,7381.705567,,37.589092,-122.083787,awake
2025-05-08T03:42:48.659792,7381.705567,,37.589092,-122.083787,awake
2025-05-08T03:43:49.260547,7381.705567,,37.589092,-122.083787,awake
2025-05-08T03:44:50.442948,7381.705567,,37.589092,-122.083787,awake
2025-05-08T03:45:51.054055,7381.705567,,37.589092,-122.083787,awake
2025-05-08T03:46:51.581707,7381.705567,,37.589092,-122.083787,awake
2025-05-08T03:47:52.013500,7381.705567,,37.589092,-122.083787,awake
2025-05-08T03:48:52.969666,7381.705567,,37.589092,-122.083787,awake
2025-05-08T03:49:53.444344,7381.705567,,37.589092,-122.083787,awake
2025-05-08T03:50:54.078694,7381.705567,,37.589092,-122.083787,awake
2025-05-08T03:51:54.454697,7381.705567,,37.589092,-122.083787,awake
2025-05-08T03:52:55.003873,7381.705567,,37.589092,-122.083787,awake
2025-05-08T03:53:55.579373,7381.705567,,37.589092,-122.083787,awake
2025-05-08T03:54:56.343695,7381.705567,,37.589092,-122.083787,awake
2025-05-08T03:55:57.122272,7381.705567,,37.589092,-122.083787,awake
2025-05-08T03:56:57.481147,7381.705567,,37.589092,-122.083787,awake
2025-05-08T03:57:58.383784,7381.705567,,37.589092,-122.083787,awake
2025-05-08T03:58:58.890218,7381.705567,,37.589092,-122.083787,awake
2025-05-08T03:59:59.435211,7381.705567,,37.589092,-122.083787,awake
2025-05-08T04:00:59.854560,7381.705567,,37.589092,-122.083787,awake
2025-05-08T04:02:00.180058,7381.705567,,37.589092,-122.083787,awake
2025-05-08T04:03:00.495365,7381.705567,,37.589092,-122.083787,awake
2025-05-08T04:04:00.969766,7381.705567,,37.589092,-122.083787,awake
2025-05-08T04:05:01.270967,7381.705567,,37.589092,-122.083787,awake
2025-05-08T04:06:01.624013,7381.705567,,37.589092,-122.083787,awake
2025-05-08T04:07:02.021207,7381.705567,,37.589092,-122.083787,awake
2025-05-08T04:08:02.544634,7381.705567,,37.589092,-122.083787,awake
2025-05-08T04:09:03.088165,7381.705567,,37.589092,-122.083787,awake
2025-05-08T04:10:03.526251,7381.705567,,37.589092,-122.083787,awake
2025-05-08T04:11:04.015526,7381.705567,,37.589092,-122.083787,awake
2025-05-08T04:12:04.490451,7381.705567,,37.589092,-122.083787,awake
2025-05-08T04:13:04.790202,7381.705567,,37.589092,-122.083787,awake
2025-05-08T04:14:05.155922,7381.705567,,37.589092,-122.083787,awake
2025-05-08T04:15:05.824068,7381.705567,,37.589092,-122.083787,awake
2025-05-08T04:16:06.322895,7381.705567,,37.589092,-122.083787,awake
2025-05-08T04:17:06.650391,7381.705567,,37.589092,-122.083787,awake
2025-05-08T04:18:07.055480,7381.705567,,37.589092,-122.083787,awake
2025-05-08T04:19:07.533310,7381.705567,,37.589092,-122.083787,awake
2025-05-08T04:20:07.968586,7381.705567,,37.589092,-122.083787,awake
2025-05-08T04:21:08.277108,7381.705567,,37.589092,-122.083787,awake
2025-05-08T04:22:08.660326,7381.705567,,37.589092,-122.083787,awake
2025-05-08T04:23:09.549353,7381.705567,,37.589092,-122.083787,awake
2025-05-08T04:24:09.928598,7381.705567,,37.589092,-122.083787,awake
2025-05-08T04:25:10.240841,7381.705567,,37.589092,-122.083787,awake
2025-05-08T04:26:10.603569,7381.705567,,37.589092,-122.083787,awake
2025-05-08T04:27:11.059286,7381.705567,,37.589092,-122.083787,awake
2025-05-08T04:28:11.580248,7381.705567,,37.589092,-122.083787,awake
2025-05-08T04:29:12.030057,7381.705567,,37.589092,-122.083787,awake
2025-05-08T04:30:12.573312,7381.705567,,37.589092,-122.083787,awake
2025-05-08T04:31:12.932745,7381.705567,,37.589092,-122.083787,awake
2025-05-08T04:32:13.859839,7381.705567,,37.589092,-122.083787,awake
2025-05-08T04:33:14.623207,7381.705567,,37.589092,-122.083787,awake
2025-05-08T04:34:15.310943,7381.705567,,37.589092,-122.083787,awake
2025-05-08T04:35:15.981779,7381.705567,,37.589092,-122.083787,awake
2025-05-08T04:36:16.334937,7381.705567,,37.589092,-122.083787,awake
2025-05-08T04:37:16.815122,7381.705567,,37.589092,-122.083787,awake
2025-05-08T04:38:17.775728,7381.705567,,37.589092,-122.083787,awake
2025-05-08T04:39:18.207807,7381.705567,,37.589092,-122.083787,awake
2025-05-08T04:40:18.536112,7381.705567,,37.589092,-122.083787,awake
2025-05-08T04:41:19.102902,7381.705567,,37.589092,-122.083787,awake
2025-05-08T04:42:19.866098,7381.705567,,37.589092,-122.083787,awake
2025-05-08T04:43:20.374185,7381.705567,,37.589092,-122.083787,awake
2025-05-08T04:44:20.714861,7381.705567,,37.589092,-122.083787,awake
2025-05-08T04:45:21.302585,7381.705567,,37.589092,-122.083787,awake
2025-05-08T04:46:21.884988,7381.705567,,37.589092,-122.083787,awake
2025-05-08T04:47:22.519432,7381.705567,,37.589092,-122.083787,awake
2025-05-08T04:48:23.469485,7381.705567,,37.589092,-122.083787,awake
2025-05-08T04:49:23.870064,7381.705567,,37.589092,-122.083787,awake
2025-05-08T04:50:24.339315,7381.705567,,37.589092,-122.083787,awake
2025-05-08T04:51:24.812600,7381.766462,24,37.588574,-122.084847,awake
2025-05-08T04:52:25.139668,7382.212606,31,37.591653,-122.082089,awake
2025-05-08T04:53:25.506868,7382.541311,0,37.595344,-122.080817,awake
2025-05-08T04:54:25.821256,7383.163304,43,37.604517,-122.082205,awake
2025-05-08T04:55:26.140175,7383.892794,40,37.605721,-122.070385,awake
2025-05-08T04:56:26.450829,7384.019554,27,37.605947,-122.068344,awake
2025-05-08T04:57:26.883207,7384.667022,51,37.611162,-122.069574,awake
2025-05-08T04:58:27.294204,7385.850735,69,37.625864,-122.080207,awake
2025-05-08T04:59:27.748609,7387.043767,67,37.641059,-122.091066,awake
2025-05-08T05:00:28.062877,7388.172799,65,37.655164,-122.100641,awake
2025-05-08T05:01:28.797877,7389.324821,76,37.670144,-122.109889,awake
2025-05-08T05:02:29.596298,7390.523446,67,37.682337,-122.125583,awake
2025-05-08T05:03:30.062125,7391.512048,62,37.690766,-122.129464,awake
2025-05-08T05:04:30.585363,7392.674012,74,37.688765,-122.108207,awake
2025-05-08T05:05:30.984602,7393.759547,38,37.690459,-122.088889,awake
2025-05-08T05:06:31.386979,7394.00064,3,37.690488,-122.084897,awake
2025-05-08T05:07:31.762294,7394.065883,2,37.690461,-122.083695,awake
2025-05-08T05:08:32.322577,7394.159711,5,37.690474,-122.081979,awake
2025-05-08T05:09:32.686646,7394.237382,6,37.690483,-122.080531,awake
2025-05-08T05:10:33.064292,7394.282121,6,37.690493,-122.079719,awake
2025-05-08T05:11:33.568126,7394.373462,12,37.690509,-122.077977,awake
2025-05-08T05:12:34.376555,7394.5083,9,37.690521,-122.075582,awake
2025-05-08T05:13:34.805111,7394.617661,5,37.690538,-122.073582,awake
2025-05-08T05:14:35.311119,7394.699061,3,37.690572,-122.072129,awake
2025-05-08T05:15:35.629804,7394.753741,0,37.690627,-122.071135,awake
2025-05-08T05:16:35.937675,7394.818985,6,37.690749,-122.0699,awake
2025-05-08T05:17:36.261233,7394.882987,3,37.690909,-122.068788,awake
2025-05-08T05:18:36.712151,7394.954444,6,37.691159,-122.06747,awake
2025-05-08T05:19:37.003680,7395.107302,8,37.691837,-122.064835,awake
2025-05-08T05:20:37.519360,7395.330374,27,37.692963,-122.060789,awake
2025-05-08T05:21:37.848625,7396.218313,80,37.695454,-122.044944,awake
2025-05-08T05:22:38.306052,7397.624476,82,37.700811,-122.023121,awake
2025-05-08T05:23:38.687392,7398.28748,4,37.702963,-122.011908,awake
2025-05-08T05:24:39.685602,7398.353345,3,37.703021,-122.010704,awake
2025-05-08T05:25:40.015534,7398.417346,4,37.703078,-122.009522,awake
2025-05-08T05:26:40.373085,7398.495018,6,37.703145,-122.008114,awake
2025-05-08T05:27:40.658292,7398.613699,7,37.703247,-122.005919,awake
2025-05-08T05:28:41.339595,7398.737352,9,37.703355,-122.00368,awake
2025-05-08T05:29:41.661804,7398.983415,27,37.703269,-121.998985,awake
2025-05-08T05:30:42.080285,7399.427696,39,37.701039,-121.991352,awake
2025-05-08T05:31:42.889546,7400.21808,60,37.698166,-121.977354,awake
2025-05-08T05:32:43.164640,7401.444667,79,37.698301,-121.955123,awake
2025-05-08T05:33:43.518249,7402.788071,80,37.699031,-121.930827,awake
2025-05-08T05:34:43.929343,7404.110349,80,37.701642,-121.90722,awake
2025-05-08T05:35:44.533420,7405.468667,84,37.701449,-121.882469,awake
2025-05-08T05:36:44.879322,7406.89285,85,37.701276,-121.856968,awake
2025-05-08T05:37:45.165601,7408.295284,85,37.701057,-121.831444,awake
2025-05-08T05:38:45.532083,7409.72071,85,37.700836,-121.805491,awake
2025-05-08T05:39:46.181759,7411.146136,85,37.700074,-121.780215,awake
2025-05-08T05:40:46.654968,7412.54857,85,37.702756,-121.754556,awake
2025-05-08T05:41:47.092467,7413.973996,85,37.706481,-121.729765,awake
2025-05-08T05:42:47.881139,7415.376431,85,37.716027,-121.707235,awake
2025-05-08T05:43:48.158919,7416.778866,85,37.721631,-121.682731,awake
2025-05-08T05:44:48.464095,7418.201184,85,37.719826,-121.658452,awake
2025-05-08T05:45:48.857377,7419.526569,77,37.72712,-121.636205,awake
2025-05-08T05:46:49.185924,7420.796031,77,37.734375,-121.616617,awake
2025-05-08T05:47:49.495276,7422.053065,73,37.738694,-121.594505,awake
2025-05-08T05:48:49.956013,7423.256661,73,37.741873,-121.573001,awake
2025-05-08T05:49:50.258202,7424.454043,77,37.743493,-121.551666,awake
2025-05-08T05:50:50.561978,7425.711077,77,37.742204,-121.528461,awake
2025-05-08T05:51:50.937128,7427.022792,75,37.740732,-121.504662,awake
2025-05-08T05:52:51.303787,7428.317108,78,37.745886,-121.482973,awake
2025-05-08T05:53:51.786239,7429.579113,74,37.754386,-121.462223,awake
2025-05-08T05:54:52.323619,7430.844225,80,37.76232,-121.441912,awake
2025-05-08T05:55:52.654983,7432.02048,67,37.763271,-121.42026,awake
2025-05-08T05:56:52.954987,7432.58655,54,37.767543,-121.414708,awake
2025-05-08T05:57:53.342810,7433.445285,67,37.768849,-121.40047,awake
2025-05-08T05:58:54.069723,7434.287864,44,37.769506,-121.386271,awake
2025-05-08T05:59:54.692243,7435.022325,68,37.778668,-121.379988,awake
2025-05-08T06:00:55.050485,7436.115317,64,37.793546,-121.374405,awake
2025-05-08T06:01:55.783084,7436.993314,58,37.803514,-121.364555,awake
2025-05-08T06:02:56.588942,7437.723426,34,37.810804,-121.358997,awake
2025-05-08T06:03:56.979257,7438.451673,52,37.81167,-121.351069,awake
2025-05-08T06:04:57.505987,7439.163143,43,37.805149,-121.34132,awake
2025-05-08T06:05:58.308651,7439.441517,10,37.803683,-121.338034,awake
2025-05-08T06:06:58.741151,7439.514217,1,37.803271,-121.338904,awake
2025-05-08T06:07:59.348410,7439.517946,0,37.803229,-121.338862,awake
2025-05-08T06:08:59.690051,7439.517946,,37.803229,-121.338862,awake
2025-05-08T06:10:00.507107,7439.517946,,37.803229,-121.338862,awake
2025-05-08T06:11:01.176126,7439.517946,,37.803229,-121.338862,awake
2025-05-08T06:12:01.726056,7439.517946,,37.803229,-121.338862,awake
2025-05-08T06:13:02.438099,7439.517946,,37.803229,-121.338862,awake
2025-05-08T06:14:03.110280,7439.517946,,37.803229,-121.338862,awake
2025-05-08T06:15:03.745699,7439.517946,,37.803229,-121.338862,awake
2025-05-08T06:16:04.646169,7439.517946,,37.803229,-121.338862,awake
2025-05-08T06:17:05.169891,7439.517946,,37.803229,-121.338862,awake
2025-05-08T06:18:05.475497,7439.517946,,37.803229,-121.338862,awake
2025-05-08T06:19:06.342216,7439.517946,,37.803229,-121.338862,awake
2025-05-08T06:20:06.807467,7439.517946,,37.803229,-121.338862,awake
2025-05-08T06:21:07.674923,7439.517946,,37.803229,-121.338862,awake
2025-05-08T06:22:08.923101,7439.517946,,37.803229,-121.338862,awake
2025-05-08T06:23:09.319646,7439.517946,,37.803229,-121.338862,awake
2025-05-08T06:24:09.647226,7439.517946,,37.803229,-121.338862,awake
2025-05-08T06:25:10.494880,7439.517946,,37.803229,-121.338862,awake
2025-05-08T06:26:11.097482,7439.517946,,37.803229,-121.338862,awake
2025-05-08T06:27:11.515669,7439.517946,,37.803229,-121.338862,awake
2025-05-08T06:28:12.338826,7439.517946,,37.803229,-121.338862,awake
2025-05-08T06:29:12.779609,7439.517946,,37.803229,-121.338862,awake
2025-05-08T06:30:37.108491,7439.517946,,37.803229,-121.338862,awake
2025-05-08T06:31:38.524843,7439.517946,,37.803229,-121.338862,awake
2025-05-08T06:32:38.923489,7439.517946,,37.803229,-121.338862,awake
2025-05-08T06:33:39.473707,7439.517946,,37.803229,-121.338862,awake
2025-05-08T06:34:40.310249,7439.517946,,37.803229,-121.338862,awake
2025-05-08T06:35:41.295095,7439.517946,,37.803229,-121.338862,awake
2025-05-08T06:36:41.882294,7439.517946,,37.803229,-121.338862,awake
2025-05-08T06:37:43.329480,7439.517946,,37.803229,-121.338862,awake
2025-05-08T06:38:43.779359,7439.517946,,37.803229,-121.338862,awake
2025-05-08T06:39:44.924958,7439.517946,,37.803229,-121.338862,awake
2025-05-08T06:40:46.342259,7439.517946,,37.803229,-121.338862,awake
2025-05-08T06:41:46.971692,7439.517946,,37.803229,-121.338862,awake
2025-05-08T06:43:07.197188,7439.517946,,37.803229,-121.338862,awake
2025-05-08T06:44:07.777668,7439.517946,,37.803229,-121.338862,awake
2025-05-08T06:45:08.340991,7439.517946,,37.803229,-121.338862,awake
2025-05-08T06:46:10.251109,7439.517946,,37.803229,-121.338862,awake
2025-05-08T06:47:10.784682,7439.517946,,37.803229,-121.338862,awake
2025-05-08T06:48:11.830367,7439.517946,,37.803229,-121.338862,awake
2025-05-08T06:49:13.741691,7439.517946,,37.803229,-121.338862,awake
2025-05-08T06:50:14.667958,7439.517946,,37.803229,-121.338862,awake
2025-05-08T06:51:15.107054,7439.517946,,37.803229,-121.338862,awake
2025-05-08T06:52:16.268622,7439.517946,,37.803229,-121.338862,awake
2025-05-08T06:53:16.889547,7439.517946,,37.803229,-121.338862,awake
2025-05-08T06:54:17.626983,7439.517946,,37.803229,-121.338862,awake
2025-05-08T06:55:40.720848,7439.517946,,37.803229,-121.338862,awake
2025-05-08T06:56:41.066083,7439.517946,,37.803229,-121.338862,awake
2025-05-08T06:57:41.429461,7439.517946,,37.803229,-121.338862,awake
2025-05-08T06:58:41.931320,7439.517946,,37.803229,-121.338862,awake
2025-05-08T06:59:42.279901,7439.517946,,37.803229,-121.338862,awake
2025-05-08T07:00:42.678069,7439.517946,,37.803229,-121.338862,awake
2025-05-08T07:01:43.080501,7439.517946,,37.803229,-121.338862,awake
2025-05-08T07:02:43.442689,7439.517946,,37.803229,-121.338862,awake
2025-05-08T07:03:43.760612,7439.517946,,37.803229,-121.338862,awake
2025-05-08T07:04:44.072730,7439.517946,,37.803229,-121.338862,awake
2025-05-08T07:05:44.330716,7439.517946,,37.803229,-121.338862,awake
2025-05-08T07:06:44.718652,7439.517946,,37.803229,-121.338862,awake
2025-05-08T07:07:45.049956,7439.517946,,37.803229,-121.338862,awake
2025-05-08T07:08:45.434488,7439.517946,,37.803229,-121.338862,awake
2025-05-08T07:09:45.813144,7439.517946,,37.803229,-121.338862,awake
2025-05-08T07:10:46.158602,7439.517946,,37.803229,-121.338862,awake
2025-05-08T07:11:46.510011,7439.517946,,37.803229,-121.338862,awake
2025-05-08T07:12:46.802298,7439.517946,,37.803229,-121.338862,awake
